控制科学与工程学院,自动化,2021,自动Z2101
控制科学与工程学院,自动化,2022,自动Z2201
控制科学与工程学院,自动化,2023,自动Z2301
控制科学与工程学院,自动化,2024,自动Z2401
控制科学与工程学院,自动化,2021,自动化2101
控制科学与工程学院,自动化,2021,自动化2102
控制科学与工程学院,自动化,2021,自动化2103
控制科学与工程学院,自动化,2021,自动化2104
控制科学与工程学院,自动化,2022,自动化2201
控制科学与工程学院,自动化,2022,自动化2202
控制科学与工程学院,自动化,2022,自动化2203
控制科学与工程学院,自动化,2022,自动化2204
控制科学与工程学院,自动化,2023,自动化2301
控制科学与工程学院,自动化,2023,自动化2302
控制科学与工程学院,自动化,2023,自动化2303
控制科学与工程学院,自动化,2023,自动化2304
控制科学与工程学院,自动化,2024,自动化2401
控制科学与工程学院,自动化,2024,自动化2402
控制科学与工程学院,自动化,2024,自动化2403
控制科学与工程学院,自动化,2024,自动化2404
