软件学院,软件工程,2021,软件2101
软件学院,软件工程,2021,软件2102
软件学院,软件工程,2021,软件2103
软件学院,软件工程,2021,软件2104
软件学院,软件工程,2022,软件2201
软件学院,软件工程,2022,软件2202
软件学院,软件工程,2022,软件2203
软件学院,软件工程,2022,软件2204
软件学院,软件工程,2023,软件2301
软件学院,软件工程,2023,软件2302
软件学院,软件工程,2023,软件2303
软件学院,软件工程,2023,软件2304
软件学院,软件工程,2024,软件2401
软件学院,软件工程,2024,软件2402
软件学院,软件工程,2024,软件2403
软件学院,软件工程,2024,软件2404
软件学院,软件工程,2021,软件Z2101
软件学院,软件工程,2021,软件Z2102
软件学院,软件工程,2022,软件Z2201
软件学院,软件工程,2022,软件Z2202
软件学院,软件工程,2023,软件Z2301
软件学院,软件工程,2023,软件Z2302
软件学院,软件工程,2024,软件Z2401
软件学院,软件工程,2024,软件Z2402
