物理科学与技术学院,光电信息科学与工程,2021,光信2101
物理科学与技术学院,光电信息科学与工程,2021,光信2102
物理科学与技术学院,光电信息科学与工程,2021,光信2103
物理科学与技术学院,光电信息科学与工程,2021,光信2104
物理科学与技术学院,光电信息科学与工程,2022,光信2201
物理科学与技术学院,光电信息科学与工程,2022,光信2202
物理科学与技术学院,光电信息科学与工程,2022,光信2203
物理科学与技术学院,光电信息科学与工程,2022,光信2204
物理科学与技术学院,光电信息科学与工程,2023,光信2301
物理科学与技术学院,光电信息科学与工程,2023,光信2302
物理科学与技术学院,光电信息科学与工程,2023,光信2303
物理科学与技术学院,光电信息科学与工程,2023,光信2304
物理科学与技术学院,光电信息科学与工程,2024,光信2401
物理科学与技术学院,光电信息科学与工程,2024,光信2402
物理科学与技术学院,光电信息科学与工程,2024,光信2403
物理科学与技术学院,光电信息科学与工程,2024,光信2404
