计算机科学与技术学院,计算机科学与技术,2021,计算机2101
计算机科学与技术学院,计算机科学与技术,2021,计算机2102
计算机科学与技术学院,计算机科学与技术,2021,计算机2103
计算机科学与技术学院,计算机科学与技术,2021,计算机2104
计算机科学与技术学院,计算机科学与技术,2022,计算机2201
计算机科学与技术学院,计算机科学与技术,2022,计算机2202
计算机科学与技术学院,计算机科学与技术,2022,计算机2203
计算机科学与技术学院,计算机科学与技术,2022,计算机2204
计算机科学与技术学院,计算机科学与技术,2023,计算机2301
计算机科学与技术学院,计算机科学与技术,2023,计算机2302
计算机科学与技术学院,计算机科学与技术,2023,计算机2303
计算机科学与技术学院,计算机科学与技术,2023,计算机2304
计算机科学与技术学院,计算机科学与技术,2024,计算机2401
计算机科学与技术学院,计算机科学与技术,2024,计算机2402
计算机科学与技术学院,计算机科学与技术,2024,计算机2403
计算机科学与技术学院,计算机科学与技术,2024,计算机2404
