艺术学院,视觉传达设计,2021,视传2101
艺术学院,视觉传达设计,2021,视传2102
艺术学院,视觉传达设计,2021,视传2103
艺术学院,视觉传达设计,2021,视传2104
艺术学院,视觉传达设计,2021,视传2105
艺术学院,视觉传达设计,2021,视传2106
艺术学院,视觉传达设计,2022,视传2201
艺术学院,视觉传达设计,2022,视传2202
艺术学院,视觉传达设计,2022,视传2203
艺术学院,视觉传达设计,2022,视传2204
艺术学院,视觉传达设计,2023,视传2301
艺术学院,视觉传达设计,2023,视传2302
艺术学院,视觉传达设计,2023,视传2303
艺术学院,视觉传达设计,2023,视传2304
艺术学院,视觉传达设计,2024,视传2401
艺术学院,视觉传达设计,2024,视传2402
艺术学院,视觉传达设计,2024,视传2403
艺术学院,视觉传达设计,2024,视传2404
艺术学院,视觉传达设计,2024,视传2405
艺术学院,视觉传达设计,2024,视传2406
