电子与信息工程学院,电子信息工程,2021,电子2101
电子与信息工程学院,电子信息工程,2021,电子2102
电子与信息工程学院,电子信息工程,2021,电子2103
电子与信息工程学院,电子信息工程,2021,电子2104
电子与信息工程学院,电子信息工程,2022,电子2201
电子与信息工程学院,电子信息工程,2022,电子2202
电子与信息工程学院,电子信息工程,2022,电子2203
电子与信息工程学院,电子信息工程,2022,电子2204
电子与信息工程学院,电子信息工程,2023,电子2301
电子与信息工程学院,电子信息工程,2023,电子2302
电子与信息工程学院,电子信息工程,2023,电子2303
电子与信息工程学院,电子信息工程,2023,电子2304
电子与信息工程学院,电子信息工程,2024,电子2401
电子与信息工程学院,电子信息工程,2024,电子2402
电子与信息工程学院,电子信息工程,2024,电子2403
电子与信息工程学院,电子信息工程,2024,电子2404
电子与信息工程学院,电子信息工程,2021,电子Z2101
电子与信息工程学院,电子信息工程,2022,电子Z2201
电子与信息工程学院,电子信息工程,2023,电子Z2301
