电子与信息工程学院,通信工程,2021,通信2101
电子与信息工程学院,通信工程,2021,通信2102
电子与信息工程学院,通信工程,2021,通信2103
电子与信息工程学院,通信工程,2021,通信2104
电子与信息工程学院,通信工程,2022,通信2201
电子与信息工程学院,通信工程,2022,通信2202
电子与信息工程学院,通信工程,2022,通信2203
电子与信息工程学院,通信工程,2022,通信2204
电子与信息工程学院,通信工程,2023,通信2301
电子与信息工程学院,通信工程,2023,通信2302
电子与信息工程学院,通信工程,2023,通信2303
电子与信息工程学院,通信工程,2023,通信2304
电子与信息工程学院,通信工程,2024,通信2401
电子与信息工程学院,通信工程,2024,通信2402
电子与信息工程学院,通信工程,2024,通信2403
电子与信息工程学院,通信工程,2024,通信2404
电子与信息工程学院,通信工程,2021,通信H2101
电子与信息工程学院,通信工程,2021,通信H2102
电子与信息工程学院,通信工程,2021,通信H2103
电子与信息工程学院,通信工程,2021,通信H2104
电子与信息工程学院,通信工程,2022,通信H2201
电子与信息工程学院,通信工程,2022,通信H2202
电子与信息工程学院,通信工程,2022,通信H2203
电子与信息工程学院,通信工程,2022,通信H2204
电子与信息工程学院,通信工程,2023,通信H2301
电子与信息工程学院,通信工程,2023,通信H2302
电子与信息工程学院,通信工程,2023,通信H2303
电子与信息工程学院,通信工程,2023,通信H2304
电子与信息工程学院,通信工程,2024,通信H2401
电子与信息工程学院,通信工程,2024,通信H2402
电子与信息工程学院,通信工程,2024,通信H2403
电子与信息工程学院,通信工程,2024,通信H2404
