纺织科学与工程学院,纺织工程,2021,纺织2101
纺织科学与工程学院,纺织工程,2021,纺织2102
纺织科学与工程学院,纺织工程,2021,纺织2103
纺织科学与工程学院,纺织工程,2021,纺织2104
纺织科学与工程学院,纺织工程,2021,纺织2105
纺织科学与工程学院,纺织工程,2021,纺织2106
纺织科学与工程学院,纺织工程,2022,纺织2201
纺织科学与工程学院,纺织工程,2022,纺织2202
纺织科学与工程学院,纺织工程,2022,纺织2203
纺织科学与工程学院,纺织工程,2023,纺织2301
纺织科学与工程学院,纺织工程,2023,纺织2302
纺织科学与工程学院,纺织工程,2023,纺织2303
纺织科学与工程学院,纺织工程,2023,纺织2304
纺织科学与工程学院,纺织工程,2023,纺织2305
纺织科学与工程学院,纺织工程,2023,纺织2306
纺织科学与工程学院,纺织工程,2024,纺织2401
纺织科学与工程学院,纺织工程,2024,纺织2402
纺织科学与工程学院,纺织工程,2024,纺织2403
纺织科学与工程学院,纺织工程,2024,纺织2404
纺织科学与工程学院,纺织工程,2024,纺织2405
纺织科学与工程学院,纺织工程,2024,纺织2406
纺织科学与工程学院,纺织工程,2024,纺织G2401
纺织科学与工程学院,纺织工程,2021,纺织S2101
纺织科学与工程学院,纺织工程,2022,纺织S2201
纺织科学与工程学院,纺织工程,2021,纺织W2101
纺织科学与工程学院,纺织工程,2022,纺织W2201
纺织科学与工程学院,纺织工程,2021,纺织Z2101
纺织科学与工程学院,纺织工程,2022,纺织Z2201
