电气工程学院,电气工程及其自动化,2021,电气2101
电气工程学院,电气工程及其自动化,2021,电气2102
电气工程学院,电气工程及其自动化,2021,电气2103
电气工程学院,电气工程及其自动化,2021,电气2104
电气工程学院,电气工程及其自动化,2022,电气2201
电气工程学院,电气工程及其自动化,2022,电气2202
电气工程学院,电气工程及其自动化,2022,电气2203
电气工程学院,电气工程及其自动化,2022,电气2204
电气工程学院,电气工程及其自动化,2023,电气2301
电气工程学院,电气工程及其自动化,2023,电气2302
电气工程学院,电气工程及其自动化,2023,电气2303
电气工程学院,电气工程及其自动化,2023,电气2304
电气工程学院,电气工程及其自动化,2024,电气2401
电气工程学院,电气工程及其自动化,2024,电气2402
电气工程学院,电气工程及其自动化,2024,电气2403
电气工程学院,电气工程及其自动化,2024,电气2404
电气工程学院,电气工程及其自动化,2021,电气H2101
电气工程学院,电气工程及其自动化,2021,电气H2102
电气工程学院,电气工程及其自动化,2022,电气H2201
电气工程学院,电气工程及其自动化,2022,电气H2202
电气工程学院,电气工程及其自动化,2023,电气H2301
电气工程学院,电气工程及其自动化,2023,电气H2302
电气工程学院,电气工程及其自动化,2024,电气H2401
电气工程学院,电气工程及其自动化,2024,电气H2402
